<?xml version="1.0" encoding="utf-8" ?><dwsync><file name="Francesco Clemente.jpg" server="mmp.bmcc.cuny.edu" local="128866428860000000" remote="128871616800000000" /><file name="Francesco Clemente.jpg" server="" local="128866428860000000" remote="241136643866656" /><file name="Francesco Clemente.jpg" server="mmp.bmcc.cuny.edu" local="3325014086" remote="97816225852" /><file name="Francesco Clemente.jpg" server="" local="128866428860000000" remote="241136643866656" /><file name="Emilie Josome Hodinos.jpg" server="mmp.bmcc.cuny.edu" local="128866429640000000" remote="128871616800000000" /><file name="Emilie Josome Hodinos.jpg" server="" local="128866429640000000" remote="241136643866656" /><file name="Emilie Josome Hodinos.jpg" server="mmp.bmcc.cuny.edu" local="3325014164" remote="110701127740" /><file name="Emilie Josome Hodinos.jpg" server="" local="128866429640000000" remote="241136643866656" /><file name="Claude Monet  Maison pres de la mer 1865.jpg" server="mmp.bmcc.cuny.edu" local="128866432740000000" remote="128871616800000000" /><file name="Claude Monet  Maison pres de la mer 1865.jpg" server="" local="128866432740000000" remote="241136643866656" /><file name="Claude Monet  Maison pres de la mer 1865.jpg" server="mmp.bmcc.cuny.edu" local="3325014474" remote="192305506364" /><file name="Claude Monet  Maison pres de la mer 1865.jpg" server="" local="128866432740000000" remote="241136643866656" /><file name="Hilaire Germain Edgar Degas.jpg" server="mmp.bmcc.cuny.edu" local="128866430380000000" remote="128871616800000000" /><file name="Hilaire Germain Edgar Degas.jpg" server="" local="128866430380000000" remote="241136643866656" /><file name="Hilaire Germain Edgar Degas.jpg" server="mmp.bmcc.cuny.edu" local="3325014238" remote="136470931516" /><file name="Hilaire Germain Edgar Degas.jpg" server="" local="128866430380000000" remote="241136643866656" /><file name="Bernard Ribbeck.jpg" server="mmp.bmcc.cuny.edu" local="128866426760000000" remote="128871616800000000" /><file name="Bernard Ribbeck.jpg" server="" local="128866426760000000" remote="241136643866656" /><file name="Bernard Ribbeck.jpg" server="mmp.bmcc.cuny.edu" local="3325013876" remote="84931323964" /><file name="Bernard Ribbeck.jpg" server="" local="128866426760000000" remote="241136643866656" /><file name="Bernard Ribbeck2.jpg" server="mmp.bmcc.cuny.edu" local="128866426880000000" remote="128871616800000000" /><file name="Bernard Ribbeck2.jpg" server="" local="128866426880000000" remote="241136643866656" /><file name="Bernard Ribbeck2.jpg" server="mmp.bmcc.cuny.edu" local="3325013888" remote="89226291260" /><file name="Bernard Ribbeck2.jpg" server="" local="128866426880000000" remote="241136643866656" /><file name="Bernard Ribbeck3.jpg" server="mmp.bmcc.cuny.edu" local="128866426700000000" remote="128871616800000000" /><file name="Bernard Ribbeck3.jpg" server="" local="128866426700000000" remote="241136643866656" /><file name="Bernard Ribbeck3.jpg" server="mmp.bmcc.cuny.edu" local="3325013870" remote="89226291260" /><file name="Bernard Ribbeck3.jpg" server="" local="128866426700000000" remote="241136643866656" /><file name="Elizabeth Murray.jpg" server="mmp.bmcc.cuny.edu" local="128866427040000000" remote="128871616800000000" /><file name="Elizabeth Murray.jpg" server="" local="128866427040000000" remote="241136643866656" /><file name="Elizabeth Murray.jpg" server="mmp.bmcc.cuny.edu" local="3325013904" remote="89226291260" /><file name="Elizabeth Murray.jpg" server="" local="128866427040000000" remote="241136643866656" /><file name="Mark Grotjahn.jpg" server="mmp.bmcc.cuny.edu" local="128866437440000000" remote="128871616800000000" /><file name="Mark Grotjahn.jpg" server="" local="128866437440000000" remote="241136643866656" /><file name="Mark Grotjahn.jpg" server="mmp.bmcc.cuny.edu" local="3325014944" remote="76341389372" /><file name="Mark Grotjahn.jpg" server="" local="128866437440000000" remote="241136643866656" /><file name="Sze Tsung Leong.jpg" server="mmp.bmcc.cuny.edu" local="128866389140000000" remote="128871616800000000" /><file name="Sze Tsung Leong.jpg" server="" local="128866389140000000" remote="241136643866656" /><file name="Sze Tsung Leong.jpg" server="mmp.bmcc.cuny.edu" local="3325010114" remote="84931323964" /><file name="Sze Tsung Leong.jpg" server="" local="128866389140000000" remote="241136643866656" /><file name="Vicente Minnelli.jpg" server="mmp.bmcc.cuny.edu" local="128866506300000000" remote="128871616800000000" /><file name="Vicente Minnelli.jpg" server="" local="128866506300000000" remote="241136643866656" /><file name="Vicente Minnelli.jpg" server="mmp.bmcc.cuny.edu" local="3325021830" remote="89226291260" /><file name="Vicente Minnelli.jpg" server="" local="128866506300000000" remote="241136643866656" /><file name="Vincent Van Gogh.jpg" server="mmp.bmcc.cuny.edu" local="128866403560000000" remote="128871616800000000" /><file name="Vincent Van Gogh.jpg" server="" local="128866403560000000" remote="241136643866656" /><file name="Vincent Van Gogh.jpg" server="mmp.bmcc.cuny.edu" local="3325011556" remote="89226291260" /><file name="Vincent Van Gogh.jpg" server="" local="128866403560000000" remote="241136643866656" /><file name="wassily kandinsky.jpg" server="mmp.bmcc.cuny.edu" local="128868736220000000" remote="128871616800000000" /><file name="wassily kandinsky.jpg" server="" local="128868736220000000" remote="241136643866656" /><file name="wassily kandinsky.jpg" server="mmp.bmcc.cuny.edu" local="3325244822" remote="93521258556" /><file name="wassily kandinsky.jpg" server="" local="128868736220000000" remote="241136643866656" /><file name="Walt Disney.jpg" server="mmp.bmcc.cuny.edu" local="128866504780000000" remote="128871616800000000" /><file name="Walt Disney.jpg" server="" local="128866504780000000" remote="241136643866656" /><file name="Walt Disney.jpg" server="mmp.bmcc.cuny.edu" local="3325021678" remote="67751454780" /><file name="Walt Disney.jpg" server="" local="128866504780000000" remote="241136643866656" /><file name="Steve DiBenedetto.jpg" server="mmp.bmcc.cuny.edu" local="128866460900000000" remote="128871616800000000" /><file name="Steve DiBenedetto.jpg" server="" local="128866460900000000" remote="241136643866656" /><file name="Steve DiBenedetto.jpg" server="mmp.bmcc.cuny.edu" local="3325017290" remote="93521258556" /><file name="Steve DiBenedetto.jpg" server="" local="128866460900000000" remote="241136643866656" /><file name="Sisley-Bridge_at_Villeneuve-la-Garenne.jpg" server="mmp.bmcc.cuny.edu" local="128868736200000000" remote="128871616800000000" /><file name="Sisley-Bridge_at_Villeneuve-la-Garenne.jpg" server="" local="128868736200000000" remote="241136643866656" /><file name="Sisley-Bridge_at_Villeneuve-la-Garenne.jpg" server="mmp.bmcc.cuny.edu" local="3325244820" remote="183715571772" /><file name="Sisley-Bridge_at_Villeneuve-la-Garenne.jpg" server="" local="128868736200000000" remote="241136643866656" /><file name="Paul Signac.jpg" server="mmp.bmcc.cuny.edu" local="128866402060000000" remote="128871616800000000" /><file name="Paul Signac.jpg" server="" local="128866402060000000" remote="241136643866656" /><file name="Paul Signac.jpg" server="mmp.bmcc.cuny.edu" local="3325011406" remote="67751454780" /><file name="Paul Signac.jpg" server="" local="128866402060000000" remote="241136643866656" /><file name="lichtenstein1.jpg" server="mmp.bmcc.cuny.edu" local="128866484100000000" remote="128871616800000000" /><file name="lichtenstein1.jpg" server="" local="128866484100000000" remote="241136643866656" /><file name="lichtenstein1.jpg" server="mmp.bmcc.cuny.edu" local="3325019610" remote="76341389372" /><file name="lichtenstein1.jpg" server="" local="128866484100000000" remote="241136643866656" /><file name="Look Mickey 1961 Roy Lichtenstein.jpg" server="mmp.bmcc.cuny.edu" local="128863482820000000" remote="128871616800000000" /><file name="Look Mickey 1961 Roy Lichtenstein.jpg" server="" local="128863482820000000" remote="241136643866656" /><file name="Look Mickey 1961 Roy Lichtenstein.jpg" server="mmp.bmcc.cuny.edu" local="3324719482" remote="162240735292" /><file name="Look Mickey 1961 Roy Lichtenstein.jpg" server="" local="128863482820000000" remote="241136643866656" /><file name="Lichtenstein_CRAK_2a.jpg" server="mmp.bmcc.cuny.edu" local="128866482700000000" remote="128871616800000000" /><file name="Lichtenstein_CRAK_2a.jpg" server="" local="128866482700000000" remote="241136643866656" /><file name="Lichtenstein_CRAK_2a.jpg" server="mmp.bmcc.cuny.edu" local="3325019470" remote="106406160444" /><file name="Lichtenstein_CRAK_2a.jpg" server="" local="128866482700000000" remote="241136643866656" /><file name="Kurt Schwitters.jpg" server="mmp.bmcc.cuny.edu" local="128866405220000000" remote="128871616800000000" /><file name="Kurt Schwitters.jpg" server="" local="128866405220000000" remote="241136643866656" /><file name="Kurt Schwitters.jpg" server="mmp.bmcc.cuny.edu" local="3325011722" remote="84931323964" /><file name="Kurt Schwitters.jpg" server="" local="128866405220000000" remote="241136643866656" /><file name="Katy Grannan.jpg" server="mmp.bmcc.cuny.edu" local="128866391500000000" remote="128871616800000000" /><file name="Katy Grannan.jpg" server="" local="128866391500000000" remote="241136643866656" /><file name="Katy Grannan.jpg" server="mmp.bmcc.cuny.edu" local="3325010350" remote="72046422076" /><file name="Katy Grannan.jpg" server="" local="128866391500000000" remote="241136643866656" /><file name="Jasper John2.jpg" server="mmp.bmcc.cuny.edu" local="128866479200000000" remote="128871616800000000" /><file name="Jasper John2.jpg" server="" local="128866479200000000" remote="241136643866656" /><file name="Jasper John2.jpg" server="mmp.bmcc.cuny.edu" local="3325019120" remote="72046422076" /><file name="Jasper John2.jpg" server="" local="128866479200000000" remote="241136643866656" /><file name="Jasper John.jpg" server="mmp.bmcc.cuny.edu" local="128866477460000000" remote="128871616800000000" /><file name="Jasper John.jpg" server="" local="128866477460000000" remote="241136643866656" /><file name="Jasper John.jpg" server="mmp.bmcc.cuny.edu" local="3325018946" remote="67751454780" /><file name="Jasper John.jpg" server="" local="128866477460000000" remote="241136643866656" /><file name="James Rosenquist.jpg" server="mmp.bmcc.cuny.edu" local="128866473600000000" remote="128871616800000000" /><file name="James Rosenquist.jpg" server="" local="128866473600000000" remote="241136643866656" /><file name="James Rosenquist.jpg" server="mmp.bmcc.cuny.edu" local="3325018560" remote="89226291260" /><file name="James Rosenquist.jpg" server="" local="128866473600000000" remote="241136643866656" /><file name="Hamilton-appealing2.jpg" server="mmp.bmcc.cuny.edu" local="128866466000000000" remote="128871616800000000" /><file name="Hamilton-appealing2.jpg" server="" local="128866466000000000" remote="241136643866656" /><file name="Hamilton-appealing2.jpg" server="mmp.bmcc.cuny.edu" local="3325017800" remote="102111193148" /><file name="Hamilton-appealing2.jpg" server="" local="128866466000000000" remote="241136643866656" /><file name="Gert  & Uwe Tobias.jpg" server="mmp.bmcc.cuny.edu" local="128866462600000000" remote="128871616800000000" /><file name="Gert  & Uwe Tobias.jpg" server="" local="128866462600000000" remote="241136643866656" /><file name="Gert  & Uwe Tobias.jpg" server="mmp.bmcc.cuny.edu" local="3325017460" remote="97816225852" /><file name="Gert  & Uwe Tobias.jpg" server="" local="128866462600000000" remote="241136643866656" /><file name="Jasper_Johns%27s_%27Flag%27%2C_Encaustic%2C_oil_and_collage_on_fabric_mounted_on_plywood%2C1954-55.jpg" server="mmp.bmcc.cuny.edu" local="128866478540000000" remote="128871616800000000" /><file name="Jasper_Johns%27s_%27Flag%27%2C_Encaustic%2C_oil_and_collage_on_fabric_mounted_on_plywood%2C1954-55.jpg" server="" local="128866478540000000" remote="241136643866656" /><file name="Jasper_Johns%27s_%27Flag%27%2C_Encaustic%2C_oil_and_collage_on_fabric_mounted_on_plywood%2C1954-55.jpg" server="mmp.bmcc.cuny.edu" local="3325019054" remote="441413609532" /><file name="Jasper_Johns%27s_%27Flag%27%2C_Encaustic%2C_oil_and_collage_on_fabric_mounted_on_plywood%2C1954-55.jpg" server="" local="128866478540000000" remote="241136643866656" /><file name="Edward Steichen.jpg" server="mmp.bmcc.cuny.edu" local="128868736220000000" remote="128871616800000000" /><file name="Edward Steichen.jpg" server="" local="128868736220000000" remote="241136643866656" /><file name="Edward Steichen.jpg" server="mmp.bmcc.cuny.edu" local="3325244822" remote="84931323964" /><file name="Edward Steichen.jpg" server="" local="128868736220000000" remote="241136643866656" /><file name="Edward Steichen2.jpg" server="mmp.bmcc.cuny.edu" local="128868736220000000" remote="128871616800000000" /><file name="Edward Steichen2.jpg" server="" local="128868736220000000" remote="241136643866656" /><file name="Edward Steichen2.jpg" server="mmp.bmcc.cuny.edu" local="3325244822" remote="89226291260" /><file name="Edward Steichen2.jpg" server="" local="128868736220000000" remote="241136643866656" /><file name="Charlie Chaplin.jpg" server="mmp.bmcc.cuny.edu" local="128866502940000000" remote="128871616800000000" /><file name="Charlie Chaplin.jpg" server="" local="128866502940000000" remote="241136643866656" /><file name="Charlie Chaplin.jpg" server="mmp.bmcc.cuny.edu" local="3325021494" remote="84931323964" /><file name="Charlie Chaplin.jpg" server="" local="128866502940000000" remote="241136643866656" /><file name="Caspar_David_Friedrich_032.jpg" server="mmp.bmcc.cuny.edu" local="128868736200000000" remote="128871616800000000" /><file name="Caspar_David_Friedrich_032.jpg" server="" local="128868736200000000" remote="241136643866656" /><file name="Caspar_David_Friedrich_032.jpg" server="mmp.bmcc.cuny.edu" local="3325244820" remote="132175964220" /><file name="Caspar_David_Friedrich_032.jpg" server="" local="128868736200000000" remote="241136643866656" /><file name="Aya_Takano.jpg" server="mmp.bmcc.cuny.edu" local="128866469300000000" remote="128871616800000000" /><file name="Aya_Takano.jpg" server="" local="128866469300000000" remote="241136643866656" /><file name="Aya_Takano.jpg" server="mmp.bmcc.cuny.edu" local="3325018130" remote="63456487484" /><file name="Aya_Takano.jpg" server="" local="128866469300000000" remote="241136643866656" /><file name="Aya_Takano.bmp" server="mmp.bmcc.cuny.edu" local="128866469020000000" remote="128871616800000000" /><file name="Aya_Takano.bmp" server="" local="128866469020000000" remote="241136643866656" /><file name="Aya_Takano.bmp" server="mmp.bmcc.cuny.edu" local="3325018102" remote="63456487484" /><file name="Aya_Takano.bmp" server="" local="128866469020000000" remote="241136643866656" /><file name="Back of Nudes Edward Weston.jpg" server="mmp.bmcc.cuny.edu" local="128868736220000000" remote="128871616800000000" /><file name="Back of Nudes Edward Weston.jpg" server="" local="128868736220000000" remote="241136643866656" /><file name="Back of Nudes Edward Weston.jpg" server="mmp.bmcc.cuny.edu" local="3325244822" remote="136470931516" /><file name="Back of Nudes Edward Weston.jpg" server="" local="128868736220000000" remote="241136643866656" /><file name="Aya_Takano_-_The_world_after_800%2C000%2C000_years_%28screenshot%29.jpg" server="mmp.bmcc.cuny.edu" local="128866468140000000" remote="128871616800000000" /><file name="Aya_Takano_-_The_world_after_800%2C000%2C000_years_%28screenshot%29.jpg" server="" local="128866468140000000" remote="241136643866656" /><file name="Aya_Takano_-_The_world_after_800%2C000%2C000_years_%28screenshot%29.jpg" server="mmp.bmcc.cuny.edu" local="3325018014" remote="308269623356" /><file name="Aya_Takano_-_The_world_after_800%2C000%2C000_years_%28screenshot%29.jpg" server="" local="128866468140000000" remote="241136643866656" /><file name="Aya_Takano_-_The_world_after_800%2C000%2C000_years_%28screenshot%29.png" server="mmp.bmcc.cuny.edu" local="128866467720000000" remote="128871616800000000" /><file name="Aya_Takano_-_The_world_after_800%2C000%2C000_years_%28screenshot%29.png" server="" local="128866467720000000" remote="241136643866656" /><file name="Aya_Takano_-_The_world_after_800%2C000%2C000_years_%28screenshot%29.png" server="mmp.bmcc.cuny.edu" local="3325017972" remote="308269623356" /><file name="Aya_Takano_-_The_world_after_800%2C000%2C000_years_%28screenshot%29.png" server="" local="128866467720000000" remote="241136643866656" /><file name="401px-Henri_de_Toulouse-Lautrec_-_Madame_Palmyre_with_Her_Dog%2C_1897.jpg" server="mmp.bmcc.cuny.edu" local="128866419700000000" remote="128871616800000000" /><file name="401px-Henri_de_Toulouse-Lautrec_-_Madame_Palmyre_with_Her_Dog%2C_1897.jpg" server="" local="128866419700000000" remote="241136643866656" /><file name="401px-Henri_de_Toulouse-Lautrec_-_Madame_Palmyre_with_Her_Dog%2C_1897.jpg" server="mmp.bmcc.cuny.edu" local="3325013170" remote="316859557948" /><file name="401px-Henri_de_Toulouse-Lautrec_-_Madame_Palmyre_with_Her_Dog%2C_1897.jpg" server="" local="128866419700000000" remote="241136643866656" /><file name="800px-Jasper_Johns%27s_%27Map%27%2C_1961.jpg" server="mmp.bmcc.cuny.edu" local="128866476400000000" remote="128871616800000000" /><file name="800px-Jasper_Johns%27s_%27Map%27%2C_1961.jpg" server="" local="128866476400000000" remote="241136643866656" /><file name="800px-Jasper_Johns%27s_%27Map%27%2C_1961.jpg" server="mmp.bmcc.cuny.edu" local="3325018840" remote="192305506364" /><file name="800px-Jasper_Johns%27s_%27Map%27%2C_1961.jpg" server="" local="128866476400000000" remote="241136643866656" /><file name="800px-JosephFini.jpg" server="mmp.bmcc.cuny.edu" local="128866428200000000" remote="128871616800000000" /><file name="800px-JosephFini.jpg" server="" local="128866428200000000" remote="241136643866656" /><file name="800px-JosephFini.jpg" server="mmp.bmcc.cuny.edu" local="3325014020" remote="89226291260" /><file name="800px-JosephFini.jpg" server="" local="128866428200000000" remote="241136643866656" /><file name="439318857_dff6e13a12_o.jpg" server="mmp.bmcc.cuny.edu" local="128862940620000000" remote="128871616800000000" /><file name="439318857_dff6e13a12_o.jpg" server="" local="128862940620000000" remote="241136643866656" /><file name="439318857_dff6e13a12_o.jpg" server="mmp.bmcc.cuny.edu" local="3324665262" remote="114996095036" /><file name="439318857_dff6e13a12_o.jpg" server="" local="128862940620000000" remote="241136643866656" /><file name="Alvaro Barrios.jpg" server="mmp.bmcc.cuny.edu" local="128866459180000000" remote="128871616800000000" /><file name="Alvaro Barrios.jpg" server="" local="128866459180000000" remote="241136643866656" /><file name="Alvaro Barrios.jpg" server="mmp.bmcc.cuny.edu" local="3325017118" remote="80636356668" /><file name="Alvaro Barrios.jpg" server="" local="128866459180000000" remote="241136643866656" /><file name="Annabale Carraci.jpg" server="mmp.bmcc.cuny.edu" local="128866428420000000" remote="128871616800000000" /><file name="Annabale Carraci.jpg" server="" local="128866428420000000" remote="241136643866656" /><file name="Annabale Carraci.jpg" server="mmp.bmcc.cuny.edu" local="3325014042" remote="89226291260" /><file name="Annabale Carraci.jpg" server="" local="128866428420000000" remote="241136643866656" /><file name="Ansel Adams.jpg" server="mmp.bmcc.cuny.edu" local="128868736220000000" remote="128871616800000000" /><file name="Ansel Adams.jpg" server="" local="128868736220000000" remote="241136643866656" /><file name="Ansel Adams.jpg" server="mmp.bmcc.cuny.edu" local="3325244822" remote="67751454780" /><file name="Ansel Adams.jpg" server="" local="128868736220000000" remote="241136643866656" /><file name="claude Monet Impression, Soleil levant (Impression, Sunrise)1872.jpg" server="mmp.bmcc.cuny.edu" local="128868736200000000" remote="128871616800000000" /><file name="claude Monet Impression, Soleil levant (Impression, Sunrise)1872.jpg" server="" local="128868736200000000" remote="241136643866656" /><file name="claude Monet Impression, Soleil levant (Impression, Sunrise)1872.jpg" server="mmp.bmcc.cuny.edu" local="3325244820" remote="295384721468" /><file name="claude Monet Impression, Soleil levant (Impression, Sunrise)1872.jpg" server="" local="128868736200000000" remote="241136643866656" /><file name="Chicks-from-avignon.jpg" server="mmp.bmcc.cuny.edu" local="128865413940000000" remote="128871616800000000" /><file name="Chicks-from-avignon.jpg" server="" local="128865413940000000" remote="241136643866656" /><file name="Chicks-from-avignon.jpg" server="mmp.bmcc.cuny.edu" local="3324912594" remote="102111193148" /><file name="Chicks-from-avignon.jpg" server="" local="128865413940000000" remote="241136643866656" /><file name="Wassily_Kandinsky_-_Munich-Schwabing_with_the_Church_of_St._Ursula" server="mmp.bmcc.cuny.edu" local="128865422480000000" remote="128871616800000000" /><file name="Wassily_Kandinsky_-_Munich-Schwabing_with_the_Church_of_St._Ursula" server="" local="128865422480000000" remote="241136643866656" /><file name="Wassily_Kandinsky_-_Munich-Schwabing_with_the_Church_of_St._Ursula" server="mmp.bmcc.cuny.edu" local="3324913448" remote="286794786876" /><file name="Wassily_Kandinsky_-_Munich-Schwabing_with_the_Church_of_St._Ursula" server="" local="128865422480000000" remote="241136643866656" /><file name="Roy_Lichtenstein_Drowning_Girl.jpg" server="mmp.bmcc.cuny.edu" local="128865418640000000" remote="128871616800000000" /><file name="Roy_Lichtenstein_Drowning_Girl.jpg" server="" local="128865418640000000" remote="241136643866656" /><file name="Roy_Lichtenstein_Drowning_Girl.jpg" server="mmp.bmcc.cuny.edu" local="3324913064" remote="149355833404" /><file name="Roy_Lichtenstein_Drowning_Girl.jpg" server="" local="128865418640000000" remote="241136643866656" /><file name="Picasso Chicks-from-avignon.jpg" server="mmp.bmcc.cuny.edu" local="128865411340000000" remote="128871616800000000" /><file name="Picasso Chicks-from-avignon.jpg" server="" local="128865411340000000" remote="241136643866656" /><file name="Picasso Chicks-from-avignon.jpg" server="mmp.bmcc.cuny.edu" local="3324912334" remote="136470931516" /><file name="Picasso Chicks-from-avignon.jpg" server="" local="128865411340000000" remote="241136643866656" /><file name="Picasso_three_musicians_moma_2006.jpg" server="mmp.bmcc.cuny.edu" local="128865415240000000" remote="128871616800000000" /><file name="Picasso_three_musicians_moma_2006.jpg" server="" local="128865415240000000" remote="241136643866656" /><file name="Picasso_three_musicians_moma_2006.jpg" server="mmp.bmcc.cuny.edu" local="3324912724" remote="162240735292" /><file name="Picasso_three_musicians_moma_2006.jpg" server="" local="128865415240000000" remote="241136643866656" /><file name="Paul Gauguin The Seed of the Areoi.jpg" server="mmp.bmcc.cuny.edu" local="128859178300000000" remote="128871616800000000" /><file name="Paul Gauguin The Seed of the Areoi.jpg" server="" local="128859178300000000" remote="241136643866656" /><file name="Paul Gauguin The Seed of the Areoi.jpg" server="mmp.bmcc.cuny.edu" local="3324289030" remote="166535702588" /><file name="Paul Gauguin The Seed of the Areoi.jpg" server="" local="128859178300000000" remote="241136643866656" /><file name="Paul Cezanne Stilllife_hermitage.jpg" server="mmp.bmcc.cuny.edu" local="128865417040000000" remote="128871616800000000" /><file name="Paul Cezanne Stilllife_hermitage.jpg" server="" local="128865417040000000" remote="241136643866656" /><file name="Paul Cezanne Stilllife_hermitage.jpg" server="mmp.bmcc.cuny.edu" local="3324912904" remote="157945767996" /><file name="Paul Cezanne Stilllife_hermitage.jpg" server="" local="128865417040000000" remote="241136643866656" /><file name="Campbells_Soup_Cans_MOMA.jpg" server="mmp.bmcc.cuny.edu" local="128865547540000000" remote="128871616800000000" /><file name="Campbells_Soup_Cans_MOMA.jpg" server="" local="128865547540000000" remote="241136643866656" /><file name="Campbells_Soup_Cans_MOMA.jpg" server="mmp.bmcc.cuny.edu" local="3324925954" remote="123586029628" /><file name="Campbells_Soup_Cans_MOMA.jpg" server="" local="128865547540000000" remote="241136643866656" /><file name="ABF Postcard.jpg" server="mmp.bmcc.cuny.edu" local="128865359120000000" remote="128871616800000000" /><file name="ABF Postcard.jpg" server="" local="128865359120000000" remote="241136643866656" /><file name="ABF Postcard.jpg" server="mmp.bmcc.cuny.edu" local="3324907112" remote="72046422076" /><file name="ABF Postcard.jpg" server="" local="128865359120000000" remote="241136643866656" /><file name="American Steel & Wire Co Worcester, MA Spectacle Springs.jpg" server="mmp.bmcc.cuny.edu" local="128865358900000000" remote="128871616800000000" /><file name="American Steel & Wire Co Worcester, MA Spectacle Springs.jpg" server="" local="128865358900000000" remote="241136643866656" /><file name="American Steel & Wire Co Worcester, MA Spectacle Springs.jpg" server="mmp.bmcc.cuny.edu" local="3324907090" remote="261024983100" /><file name="American Steel & Wire Co Worcester, MA Spectacle Springs.jpg" server="" local="128865358900000000" remote="241136643866656" /><file name="Boling Flasks Corning Glass Works Company Designs.jpg" server="mmp.bmcc.cuny.edu" local="128865358760000000" remote="128871616800000000" /><file name="Boling Flasks Corning Glass Works Company Designs.jpg" server="" local="128865358760000000" remote="241136643866656" /><file name="Boling Flasks Corning Glass Works Company Designs.jpg" server="mmp.bmcc.cuny.edu" local="3324907076" remote="230960212028" /><file name="Boling Flasks Corning Glass Works Company Designs.jpg" server="" local="128865358760000000" remote="241136643866656" /><file name="City Square and Mixed-Use Development, Barakaldo, Vizcaya, Spain MTM arquitectos, Madrid.jpg" server="mmp.bmcc.cuny.edu" local="128865359300000000" remote="128871616800000000" /><file name="City Square and Mixed-Use Development, Barakaldo, Vizcaya, Spain MTM arquitectos, Madrid.jpg" server="" local="128865359300000000" remote="241136643866656" /><file name="City Square and Mixed-Use Development, Barakaldo, Vizcaya, Spain MTM arquitectos, Madrid.jpg" server="mmp.bmcc.cuny.edu" local="3324907130" remote="398463936572" /><file name="City Square and Mixed-Use Development, Barakaldo, Vizcaya, Spain MTM arquitectos, Madrid.jpg" server="" local="128865359300000000" remote="241136643866656" /><file name="CNSAD Series of Postcards Phillippe Apeloig.jpg" server="mmp.bmcc.cuny.edu" local="128865357360000000" remote="128871616800000000" /><file name="CNSAD Series of Postcards Phillippe Apeloig.jpg" server="" local="128865357360000000" remote="241136643866656" /><file name="CNSAD Series of Postcards Phillippe Apeloig.jpg" server="mmp.bmcc.cuny.edu" local="3324906936" remote="205190408252" /><file name="CNSAD Series of Postcards Phillippe Apeloig.jpg" server="" local="128865357360000000" remote="241136643866656" /><file name="CNSAD, Brochure Phillippe Apeloig.jpg" server="mmp.bmcc.cuny.edu" local="128865357180000000" remote="128871616800000000" /><file name="CNSAD, Brochure Phillippe Apeloig.jpg" server="" local="128865357180000000" remote="241136643866656" /><file name="CNSAD, Brochure Phillippe Apeloig.jpg" server="mmp.bmcc.cuny.edu" local="3324906918" remote="162240735292" /><file name="CNSAD, Brochure Phillippe Apeloig.jpg" server="" local="128865357180000000" remote="241136643866656" /><file name="Philippe Apeloig Design-Work Exhibition.jpg" server="mmp.bmcc.cuny.edu" local="128865356700000000" remote="128871616800000000" /><file name="Philippe Apeloig Design-Work Exhibition.jpg" server="" local="128865356700000000" remote="241136643866656" /><file name="Philippe Apeloig Design-Work Exhibition.jpg" server="mmp.bmcc.cuny.edu" local="3324906870" remote="188010539068" /><file name="Philippe Apeloig Design-Work Exhibition.jpg" server="" local="128865356700000000" remote="241136643866656" /><file name="Phillippe Abeloig ABF Notebook.jpg" server="mmp.bmcc.cuny.edu" local="128865356500000000" remote="128871616800000000" /><file name="Phillippe Abeloig ABF Notebook.jpg" server="" local="128865356500000000" remote="241136643866656" /><file name="Phillippe Abeloig ABF Notebook.jpg" server="mmp.bmcc.cuny.edu" local="3324906850" remote="149355833404" /><file name="Phillippe Abeloig ABF Notebook.jpg" server="" local="128865356500000000" remote="241136643866656" /><file name="Pollet et Vittet, Chocolaterie de Pepinster Henri Meunier 1967.jpg" server="mmp.bmcc.cuny.edu" local="128865356380000000" remote="128871616800000000" /><file name="Pollet et Vittet, Chocolaterie de Pepinster Henri Meunier 1967.jpg" server="" local="128865356380000000" remote="241136643866656" /><file name="Pollet et Vittet, Chocolaterie de Pepinster Henri Meunier 1967.jpg" server="mmp.bmcc.cuny.edu" local="3324906838" remote="286794786876" /><file name="Pollet et Vittet, Chocolaterie de Pepinster Henri Meunier 1967.jpg" server="" local="128865356380000000" remote="241136643866656" /><file name="Southern ry Chemins de fer de I'Etat 1979.jpg" server="mmp.bmcc.cuny.edu" local="128865355880000000" remote="128871616800000000" /><file name="Southern ry Chemins de fer de I'Etat 1979.jpg" server="" local="128865355880000000" remote="241136643866656" /><file name="Southern ry Chemins de fer de I'Etat 1979.jpg" server="mmp.bmcc.cuny.edu" local="3324906788" remote="196600473660" /><file name="Southern ry Chemins de fer de I'Etat 1979.jpg" server="" local="128865355880000000" remote="241136643866656" /><file name="Theatre du Chatelet Brochures and subscription forms.jpg" server="mmp.bmcc.cuny.edu" local="128860202860000000" remote="128871616800000000" /><file name="Theatre du Chatelet Brochures and subscription forms.jpg" server="" local="128860202860000000" remote="241136643866656" /><file name="Theatre du Chatelet Brochures and subscription forms.jpg" server="mmp.bmcc.cuny.edu" local="3324391486" remote="243845113916" /><file name="Theatre du Chatelet Brochures and subscription forms.jpg" server="" local="128860202860000000" remote="241136643866656" /><file name="Theatre du Chatelet CalendarProgram for season 2006.jpg" server="mmp.bmcc.cuny.edu" local="128860202860000000" remote="128871616800000000" /><file name="Theatre du Chatelet CalendarProgram for season 2006.jpg" server="" local="128860202860000000" remote="241136643866656" /><file name="Theatre du Chatelet CalendarProgram for season 2006.jpg" server="mmp.bmcc.cuny.edu" local="3324391486" remote="239550146620" /><file name="Theatre du Chatelet CalendarProgram for season 2006.jpg" server="" local="128860202860000000" remote="241136643866656" /><file name="Theatre du ChateletSeries programs for individual.jpg" server="mmp.bmcc.cuny.edu" local="128860202860000000" remote="128871616800000000" /><file name="Theatre du ChateletSeries programs for individual.jpg" server="" local="128860202860000000" remote="241136643866656" /><file name="Theatre du ChateletSeries programs for individual.jpg" server="mmp.bmcc.cuny.edu" local="3324391486" remote="230960212028" /><file name="Theatre du ChateletSeries programs for individual.jpg" server="" local="128860202860000000" remote="241136643866656" /><file name="Typo Typé Phillipe Apeloig 2005.jpg" server="mmp.bmcc.cuny.edu" local="128865357580000000" remote="128871616800000000" /><file name="Typo Typé Phillipe Apeloig 2005.jpg" server="" local="128865357580000000" remote="241136643866656" /><file name="Typo Typé Phillipe Apeloig 2005.jpg" server="mmp.bmcc.cuny.edu" local="128865357580000000" remote="256839044300832" /><file name="Typo Typé Phillipe Apeloig 2005.jpg" server="" local="128865357580000000" remote="241136643866656" /><file name="Untitled_acrylic_and_mixed_media_on_canvas_by_--Jean-Michel_Basquiat--,_1984.jpg" server="mmp.bmcc.cuny.edu" local="128867368300000000" remote="128871616800000000" /><file name="Untitled_acrylic_and_mixed_media_on_canvas_by_--Jean-Michel_Basquiat--,_1984.jpg" server="" local="128867368300000000" remote="241136643866656" /><file name="Untitled_acrylic_and_mixed_media_on_canvas_by_--Jean-Michel_Basquiat--,_1984.jpg" server="mmp.bmcc.cuny.edu" local="3325108030" remote="346924329020" /><file name="Untitled_acrylic_and_mixed_media_on_canvas_by_--Jean-Michel_Basquiat--,_1984.jpg" server="" local="128867368300000000" remote="241136643866656" /><file name="800px-Miro2.jpg" server="mmp.bmcc.cuny.edu" local="128867398040000000" remote="128871616800000000" /><file name="800px-Miro2.jpg" server="" local="128867398040000000" remote="241136643866656" /><file name="800px-Miro2.jpg" server="mmp.bmcc.cuny.edu" local="3325111004" remote="67751454780" /><file name="800px-Miro2.jpg" server="" local="128867398040000000" remote="241136643866656" /><file name="312px-Dona_i_Ocell.jpg" server="mmp.bmcc.cuny.edu" local="128867399580000000" remote="128871616800000000" /><file name="312px-Dona_i_Ocell.jpg" server="" local="128867399580000000" remote="241136643866656" /><file name="312px-Dona_i_Ocell.jpg" server="mmp.bmcc.cuny.edu" local="3325111158" remote="97816225852" /><file name="312px-Dona_i_Ocell.jpg" server="" local="128867399580000000" remote="241136643866656" /><file name="picture generation.jpg" server="mmp.bmcc.cuny.edu" local="128868758020000000" remote="128871616800000000" /><file name="picture generation.jpg" server="" local="128868758020000000" remote="241136643866656" /><file name="picture generation.jpg" server="mmp.bmcc.cuny.edu" local="3325247002" remote="97816225852" /><file name="picture generation.jpg" server="" local="128868758020000000" remote="241136643866656" /><file name="holzer125new.jpg" server="mmp.bmcc.cuny.edu" local="128868762020000000" remote="128871616800000000" /><file name="holzer125new.jpg" server="" local="128868762020000000" remote="241136643866656" /><file name="holzer125new.jpg" server="mmp.bmcc.cuny.edu" local="3325247402" remote="72046422076" /><file name="holzer125new.jpg" server="" local="128868762020000000" remote="241136643866656" /><file name="ElleLogeLaFolie_1970.jpg" server="mmp.bmcc.cuny.edu" local="128869646700000000" remote="128871616800000000" /><file name="ElleLogeLaFolie_1970.jpg" server="" local="128869646700000000" remote="241136643866656" /><file name="ElleLogeLaFolie_1970.jpg" server="mmp.bmcc.cuny.edu" local="3325335870" remote="106406160444" /><file name="ElleLogeLaFolie_1970.jpg" server="" local="128869646700000000" remote="241136643866656" /><file name="3Salvador-Dali-Premonition-Of-Civil-War.jpg" server="mmp.bmcc.cuny.edu" local="128869893900000000" remote="128871616800000000" /><file name="3Salvador-Dali-Premonition-Of-Civil-War.jpg" server="" local="128869893900000000" remote="241136643866656" /><file name="3Salvador-Dali-Premonition-Of-Civil-War.jpg" server="mmp.bmcc.cuny.edu" local="3325360590" remote="188010539068" /><file name="3Salvador-Dali-Premonition-Of-Civil-War.jpg" server="" local="128869893900000000" remote="241136643866656" /><file name="Salvador Dali The Persistance of Memory 1931.bmp" server="mmp.bmcc.cuny.edu" local="128869897220000000" remote="128871616800000000" /><file name="Salvador Dali The Persistance of Memory 1931.bmp" server="" local="128869897220000000" remote="241136643866656" /><file name="Salvador Dali The Persistance of Memory 1931.bmp" server="mmp.bmcc.cuny.edu" local="3325360922" remote="209485375548" /><file name="Salvador Dali The Persistance of Memory 1931.bmp" server="" local="128869897220000000" remote="241136643866656" /><file name="Salvador Dali The Persistance of Memory 1931.jpg" server="mmp.bmcc.cuny.edu" local="128869897340000000" remote="128871616800000000" /><file name="Salvador Dali The Persistance of Memory 1931.jpg" server="" local="128869897340000000" remote="241136643866656" /><file name="Salvador Dali The Persistance of Memory 1931.jpg" server="mmp.bmcc.cuny.edu" local="3325360934" remote="209485375548" /><file name="Salvador Dali The Persistance of Memory 1931.jpg" server="" local="128869897340000000" remote="241136643866656" /><file name="Salvador-Dali-The-disintegration-of-the-persistence-of-memory--1952-83837.jpg" server="mmp.bmcc.cuny.edu" local="128869898860000000" remote="128871616800000000" /><file name="Salvador-Dali-The-disintegration-of-the-persistence-of-memory--1952-83837.jpg" server="" local="128869898860000000" remote="241136643866656" /><file name="Salvador-Dali-The-disintegration-of-the-persistence-of-memory--1952-83837.jpg" server="mmp.bmcc.cuny.edu" local="3325361086" remote="334039427132" /><file name="Salvador-Dali-The-disintegration-of-the-persistence-of-memory--1952-83837.jpg" server="" local="128869898860000000" remote="241136643866656" /><file name="Paul Cezanne L'Estaque 1879-83.jpg" server="mmp.bmcc.cuny.edu" local="128869906040000000" remote="128871616800000000" /><file name="Paul Cezanne L'Estaque 1879-83.jpg" server="" local="128869906040000000" remote="241136643866656" /><file name="Paul Cezanne L'Estaque 1879-83.jpg" server="mmp.bmcc.cuny.edu" local="3325361804" remote="149355833404" /><file name="Paul Cezanne L'Estaque 1879-83.jpg" server="" local="128869906040000000" remote="241136643866656" /><file name="So Le Witt.jpg" server="mmp.bmcc.cuny.edu" local="128868740640000000" remote="128871616800000000" /><file name="So Le Witt.jpg" server="" local="128868740640000000" remote="241136643866656" /><file name="So Le Witt.jpg" server="mmp.bmcc.cuny.edu" local="3325245264" remote="63456487484" /><file name="So Le Witt.jpg" server="" local="128868740640000000" remote="241136643866656" /><file name="Into the Sunset.jpg" server="mmp.bmcc.cuny.edu" local="128862024800000000" remote="128871616800000000" /><file name="Into the Sunset.jpg" server="" local="128862024800000000" remote="241136643866656" /><file name="Into the Sunset.jpg" server="mmp.bmcc.cuny.edu" local="3324573680" remote="84931323964" /><file name="Into the Sunset.jpg" server="" local="128862024800000000" remote="241136643866656" /><file name="Into the Sunset.png" server="mmp.bmcc.cuny.edu" local="128862029400000000" remote="128871616800000000" /><file name="Into the Sunset.png" server="" local="128862029400000000" remote="241136643866656" /><file name="Into the Sunset.png" server="mmp.bmcc.cuny.edu" local="3324574140" remote="84931323964" /><file name="Into the Sunset.png" server="" local="128862029400000000" remote="241136643866656" /><file name="Emilie Bernard Iron Bridges at Asnieres 1887.jpg" server="mmp.bmcc.cuny.edu" local="128869907860000000" remote="128871616800000000" /><file name="Emilie Bernard Iron Bridges at Asnieres 1887.jpg" server="" local="128869907860000000" remote="241136643866656" /><file name="Emilie Bernard Iron Bridges at Asnieres 1887.jpg" server="mmp.bmcc.cuny.edu" local="3325361986" remote="209485375548" /><file name="Emilie Bernard Iron Bridges at Asnieres 1887.jpg" server="" local="128869907860000000" remote="241136643866656" /><file name="Sze Tsung Leong 2.jpg" server="mmp.bmcc.cuny.edu" local="128870448840000000" remote="128871616800000000" /><file name="Sze Tsung Leong 2.jpg" server="" local="128870448840000000" remote="241136643866656" /><file name="Sze Tsung Leong 2.jpg" server="mmp.bmcc.cuny.edu" local="3325416084" remote="93521258556" /><file name="Sze Tsung Leong 2.jpg" server="" local="128870448840000000" remote="241136643866656" /><file name="Tangled Alphabets.jpg" server="mmp.bmcc.cuny.edu" local="128868752280000000" remote="128871616800000000" /><file name="Tangled Alphabets.jpg" server="" local="128868752280000000" remote="241136643866656" /><file name="Tangled Alphabets.jpg" server="mmp.bmcc.cuny.edu" local="3325246428" remote="93521258556" /><file name="Tangled Alphabets.jpg" server="" local="128868752280000000" remote="241136643866656" /><file name="Kerry James Marshall-Visible Means of Support 2009.jpg" server="mmp.bmcc.cuny.edu" local="128862031040000000" remote="128871616800000000" /><file name="Kerry James Marshall-Visible Means of Support 2009.jpg" server="" local="128862031040000000" remote="241136643866656" /><file name="Kerry James Marshall-Visible Means of Support 2009.jpg" server="mmp.bmcc.cuny.edu" local="3324574304" remote="235255179324" /><file name="Kerry James Marshall-Visible Means of Support 2009.jpg" server="" local="128862031040000000" remote="241136643866656" /><file name="kentridge_five_what_will_come.jpg" server="mmp.bmcc.cuny.edu" local="128862036720000000" remote="128871616800000000" /><file name="kentridge_five_what_will_come.jpg" server="" local="128862036720000000" remote="241136643866656" /><file name="kentridge_five_what_will_come.jpg" server="mmp.bmcc.cuny.edu" local="3324574872" remote="145060866108" /><file name="kentridge_five_what_will_come.jpg" server="" local="128862036720000000" remote="241136643866656" /><file name="banner_driskell2.jpg" server="mmp.bmcc.cuny.edu" local="128862095000000000" remote="128871616800000000" /><file name="banner_driskell2.jpg" server="" local="128862095000000000" remote="241136643866656" /><file name="banner_driskell2.jpg" server="mmp.bmcc.cuny.edu" local="3324580700" remote="89226291260" /><file name="banner_driskell2.jpg" server="" local="128862095000000000" remote="241136643866656" /><file name="Printmaking.jpg" server="mmp.bmcc.cuny.edu" local="128862052900000000" remote="128871616800000000" /><file name="Printmaking.jpg" server="" local="128862052900000000" remote="241136643866656" /><file name="Printmaking.jpg" server="mmp.bmcc.cuny.edu" local="3324576490" remote="67751454780" /><file name="Printmaking.jpg" server="" local="128862052900000000" remote="241136643866656" /><file name="Sir Peter Blake The Fine Art Bit 1963.jpg" server="mmp.bmcc.cuny.edu" local="128870409480000000" remote="128871616800000000" /><file name="Sir Peter Blake The Fine Art Bit 1963.jpg" server="" local="128870409480000000" remote="241136643866656" /><file name="Sir Peter Blake The Fine Art Bit 1963.jpg" server="mmp.bmcc.cuny.edu" local="3325412148" remote="179420604476" /><file name="Sir Peter Blake The Fine Art Bit 1963.jpg" server="" local="128870409480000000" remote="241136643866656" /><file name="Roy Lichtenstein Explosion 1956.jpg" server="mmp.bmcc.cuny.edu" local="128870415060000000" remote="128871616800000000" /><file name="Roy Lichtenstein Explosion 1956.jpg" server="" local="128870415060000000" remote="241136643866656" /><file name="Roy Lichtenstein Explosion 1956.jpg" server="mmp.bmcc.cuny.edu" local="3325412706" remote="153650800700" /><file name="Roy Lichtenstein Explosion 1956.jpg" server="" local="128870415060000000" remote="241136643866656" /><file name="Georges-Pierre Seurat Port en Bessin, Entrance of the Harbor 1888.jpg" server="mmp.bmcc.cuny.edu" local="128869910440000000" remote="128871616800000000" /><file name="Georges-Pierre Seurat Port en Bessin, Entrance of the Harbor 1888.jpg" server="" local="128869910440000000" remote="241136643866656" /><file name="Georges-Pierre Seurat Port en Bessin, Entrance of the Harbor 1888.jpg" server="mmp.bmcc.cuny.edu" local="3325790614" remote="299679688764" /><file name="Georges-Pierre Seurat Port en Bessin, Entrance of the Harbor 1888.jpg" server="" local="128874194140000000" remote="241136643866656" /><file name="Wayne Thiebaud Chocolate Cake 1971.jpg" server="mmp.bmcc.cuny.edu" local="128870421980000000" remote="128871616800000000" /><file name="Wayne Thiebaud Chocolate Cake 1971.jpg" server="" local="128870421980000000" remote="241136643866656" /><file name="Wayne Thiebaud Chocolate Cake 1971.jpg" server="mmp.bmcc.cuny.edu" local="3325413398" remote="166535702588" /><file name="Wayne Thiebaud Chocolate Cake 1971.jpg" server="" local="128870421980000000" remote="241136643866656" /><file name="Lawrence Weiner A Bookcase for onestar press 2007.jpg" server="mmp.bmcc.cuny.edu" local="128870425480000000" remote="128871616800000000" /><file name="Lawrence Weiner A Bookcase for onestar press 2007.jpg" server="" local="128870425480000000" remote="241136643866656" /><file name="Lawrence Weiner A Bookcase for onestar press 2007.jpg" server="mmp.bmcc.cuny.edu" local="3325413748" remote="230960212028" /><file name="Lawrence Weiner A Bookcase for onestar press 2007.jpg" server="" local="128870425480000000" remote="241136643866656" /><file name="Umberto Boccinoi State of Mind III Those Who Say 1911.jpg" server="mmp.bmcc.cuny.edu" local="128869912960000000" remote="128871616800000000" /><file name="Umberto Boccinoi State of Mind III Those Who Say 1911.jpg" server="" local="128869912960000000" remote="241136643866656" /><file name="Umberto Boccinoi State of Mind III Those Who Say 1911.jpg" server="mmp.bmcc.cuny.edu" local="3325362496" remote="248140081212" /><file name="Umberto Boccinoi State of Mind III Those Who Say 1911.jpg" server="" local="128869912960000000" remote="241136643866656" /><file name="Gert and Uwe Tobias The House on Bare Moutain 2005.jpg" server="mmp.bmcc.cuny.edu" local="128870427280000000" remote="128871616800000000" /><file name="Gert and Uwe Tobias The House on Bare Moutain 2005.jpg" server="" local="128870427280000000" remote="241136643866656" /><file name="Gert and Uwe Tobias The House on Bare Moutain 2005.jpg" server="mmp.bmcc.cuny.edu" local="3325413928" remote="235255179324" /><file name="Gert and Uwe Tobias The House on Bare Moutain 2005.jpg" server="" local="128870427280000000" remote="241136643866656" /><file name="Olafur Eliasson The Color Spectrum Series 2005.jpg" server="mmp.bmcc.cuny.edu" local="128870429160000000" remote="128871616800000000" /><file name="Olafur Eliasson The Color Spectrum Series 2005.jpg" server="" local="128870429160000000" remote="241136643866656" /><file name="Olafur Eliasson The Color Spectrum Series 2005.jpg" server="mmp.bmcc.cuny.edu" local="3325414116" remote="218075310140" /><file name="Olafur Eliasson The Color Spectrum Series 2005.jpg" server="" local="128870429160000000" remote="241136643866656" /><file name="Hilaire Germain Edgar Degas-Portrait of Edouard Manet  1866.jpg" server="mmp.bmcc.cuny.edu" local="128870395740000000" remote="128871616800000000" /><file name="Hilaire Germain Edgar Degas-Portrait of Edouard Manet  1866.jpg" server="" local="128870395740000000" remote="241136643866656" /><file name="Hilaire Germain Edgar Degas-Portrait of Edouard Manet  1866.jpg" server="mmp.bmcc.cuny.edu" local="3325410774" remote="273909884988" /><file name="Hilaire Germain Edgar Degas-Portrait of Edouard Manet  1866.jpg" server="" local="128870395740000000" remote="241136643866656" /><file name="Rahel Harrison Voyage of the Beagle.jpg" server="mmp.bmcc.cuny.edu" local="128870445040000000" remote="128871616800000000" /><file name="Rahel Harrison Voyage of the Beagle.jpg" server="" local="128870445040000000" remote="241136643866656" /><file name="Rahel Harrison Voyage of the Beagle.jpg" server="mmp.bmcc.cuny.edu" local="3325415704" remote="170830669884" /><file name="Rahel Harrison Voyage of the Beagle.jpg" server="" local="128870445040000000" remote="241136643866656" /><file name="Red Reproduction Hong Hao 2006.jpg" server="mmp.bmcc.cuny.edu" local="128870446740000000" remote="128871616800000000" /><file name="Red Reproduction Hong Hao 2006.jpg" server="" local="128870446740000000" remote="241136643866656" /><file name="Red Reproduction Hong Hao 2006.jpg" server="mmp.bmcc.cuny.edu" local="3325415874" remote="149355833404" /><file name="Red Reproduction Hong Hao 2006.jpg" server="" local="128870446740000000" remote="241136643866656" /><file name="Vincent Van Gogh 1889 Corridor In The Asylum.jpg" server="mmp.bmcc.cuny.edu" local="128870397500000000" remote="128871616800000000" /><file name="Vincent Van Gogh 1889 Corridor In The Asylum.jpg" server="" local="128870397500000000" remote="241136643866656" /><file name="Vincent Van Gogh 1889 Corridor In The Asylum.jpg" server="mmp.bmcc.cuny.edu" local="3325410950" remote="209485375548" /><file name="Vincent Van Gogh 1889 Corridor In The Asylum.jpg" server="" local="128870397500000000" remote="241136643866656" /><file name="Jan Henle La Jiarita IV 1991-94.jpg" server="mmp.bmcc.cuny.edu" local="128870457360000000" remote="128871616800000000" /><file name="Jan Henle La Jiarita IV 1991-94.jpg" server="" local="128870457360000000" remote="241136643866656" /><file name="Jan Henle La Jiarita IV 1991-94.jpg" server="mmp.bmcc.cuny.edu" local="3325416936" remote="153650800700" /><file name="Jan Henle La Jiarita IV 1991-94.jpg" server="" local="128870457360000000" remote="241136643866656" /><file name="Andy Warhol Self Portrait 1979.jpg" server="mmp.bmcc.cuny.edu" local="128870458680000000" remote="128871616800000000" /><file name="Andy Warhol Self Portrait 1979.jpg" server="" local="128870458680000000" remote="241136643866656" /><file name="Andy Warhol Self Portrait 1979.jpg" server="mmp.bmcc.cuny.edu" local="3325417068" remote="149355833404" /><file name="Andy Warhol Self Portrait 1979.jpg" server="" local="128870458680000000" remote="241136643866656" /><file name="Dante Gabriel Rossetti Lady Lilith 1867.jpg" server="mmp.bmcc.cuny.edu" local="128870402720000000" remote="128871616800000000" /><file name="Dante Gabriel Rossetti Lady Lilith 1867.jpg" server="" local="128870402720000000" remote="241136643866656" /><file name="Dante Gabriel Rossetti Lady Lilith 1867.jpg" server="mmp.bmcc.cuny.edu" local="3325411472" remote="188010539068" /><file name="Dante Gabriel Rossetti Lady Lilith 1867.jpg" server="" local="128870402720000000" remote="241136643866656" /><file name="Blake%2C_On_the_Balcony.jpg" server="mmp.bmcc.cuny.edu" local="128870404740000000" remote="128871616800000000" /><file name="Blake%2C_On_the_Balcony.jpg" server="" local="128870404740000000" remote="241136643866656" /><file name="Blake%2C_On_the_Balcony.jpg" server="mmp.bmcc.cuny.edu" local="3325411674" remote="119291062332" /><file name="Blake%2C_On_the_Balcony.jpg" server="" local="128870404740000000" remote="241136643866656" /><file name="Sir Peter Blake.jpg" server="mmp.bmcc.cuny.edu" local="128870405840000000" remote="128871616800000000" /><file name="Sir Peter Blake.jpg" server="" local="128870405840000000" remote="241136643866656" /><file name="Sir Peter Blake.jpg" server="mmp.bmcc.cuny.edu" local="3325411784" remote="84931323964" /><file name="Sir Peter Blake.jpg" server="" local="128870405840000000" remote="241136643866656" /><file name="Sir Peter Blake The First Real Target.jpg" server="mmp.bmcc.cuny.edu" local="128870407700000000" remote="128871616800000000" /><file name="Sir Peter Blake The First Real Target.jpg" server="" local="128870407700000000" remote="241136643866656" /><file name="Sir Peter Blake The First Real Target.jpg" server="mmp.bmcc.cuny.edu" local="3325411970" remote="179420604476" /><file name="Sir Peter Blake The First Real Target.jpg" server="" local="128870407700000000" remote="241136643866656" /><file name="De_Chirico_Love_Song.jpg" server="mmp.bmcc.cuny.edu" local="3325514164" remote="106406160444" /><file name="De_Chirico_Love_Song.jpg" server="" local="128871429640000000" remote="241136643866656" /><file name="The_Red_Tower.jpg" server="mmp.bmcc.cuny.edu" local="3325514386" remote="76341389372" /><file name="The_Red_Tower.jpg" server="" local="128871431860000000" remote="241136643866656" /><file name="Edvard Munch 463px-The_Scream.jpg" server="mmp.bmcc.cuny.edu" local="3325512864" remote="145060866108" /><file name="Edvard Munch 463px-The_Scream.jpg" server="" local="128871416640000000" remote="241136643866656" /><file name="De_Chirico%27s_Love_Song.jpg" server="mmp.bmcc.cuny.edu" local="3325514122" remote="123586029628" /><file name="De_Chirico%27s_Love_Song.jpg" server="" local="128871429220000000" remote="241136643866656" /><file name="abstract.jpg" server="mmp.bmcc.cuny.edu" local="3325529662" remote="54866552892" /><file name="abstract.jpg" server="" local="128871584620000000" remote="241136643866656" /><file name="Claude Monet On the Cliff at Pourville, Clear Weather 1882.jpg" server="mmp.bmcc.cuny.edu" local="3325790294" remote="269614917692" /><file name="Julie Mehretu Empirical Construction Istanbul 2003.jpg" server="mmp.bmcc.cuny.edu" local="3325790506" remote="235255179324" /><file name="Ken Price Pacific.jpg" server="mmp.bmcc.cuny.edu" local="3325790930" remote="93521258556" /><file name="The Carnival The Study of the Backdrop for scene 2 ballet Aleko 1942.jpg" server="mmp.bmcc.cuny.edu" local="3324653006" remote="312564590652" /></dwsync>